articleId,category,content
101,Technology|AI,New advancements in AI and machine learning.
102,Sports|Football,Latest football match results and highlights.
103,Politics|Elections,Upcoming elections and candidate analysis.
104,Health|Wellness,10 tips to stay fit and healthy.
105,Technology|Programming,Best programming languages to learn in 2025.
106,Sports|Cricket,India vs Australia match review.
107,Space|Astronomy,NASA's latest Mars rover mission update.
108,Government|Policies,New economic policies announced by the government.
109,Fitness|Health,How to maintain a good diet and workout plan.

    